internal_id,full_name,team,name_last,name_first,fa_class,key_fangraphs,key_bbref_minors,mlb_played_first,mlb_played_last,pro_played_first,pro_played_last,position,position_cat,chadwick_returned
525,Tyler Badamo,ARI,Badamo,Tyler,2018,,badamo000tyl,,,2014,2018,RHP,pitcher,one
239,J.R. Bradley,ARI,Bradley,J. R.,2018,,bradle006jam,,,2010,2017,RHP,pitcher,one
189,Erik Davis,ARI,Davis,Erik,2018,8422,davis-003eri,2013,2013,2008,2018,RHP,pitcher,one
130,Damian Defrank,ARI,Defrank,Damian,2018,,defran000dam,,,2012,2017,RHP,pitcher,one
399,Miller Diaz,ARI,Díaz,Miller,2018,,diaz--001mil,,,2009,2017,RHP,pitcher,one
236,Ivan Pineyro,ARI,Piñeyro,Ivan,2018,,pineyr000iva,,,2011,2023,RHP,pitcher,one
536,Tyler Vail,ARI,Vail,Tyler,2018,,vail--001tyl,,,2010,2024,RHP,pitcher,one
186,Eric Jokisch,ARI,Jokisch,Eric,2018,11157,jokisc001eri,2014,2014,2010,2023,LHP,pitcher,one
3,Aaron Laffey,ARI,Laffey,Aaron,2018,6248,laffey001aar,2007,2015,2003,2018,LHP,pitcher,one
90,Cesilio Pimentel,ARI,Pimentel,Cesilio,2018,,piment000ces,,,2011,2024,LHP,pitcher,one
552,Willians Astudillo,ARI,Astudillo,Willians,2018,15608,astudi001wil,2018,2022,2009,2024,C,batter,one
428,Oscar Hernandez,ARI,Hernandez,Oscar,2018,13490,hernan002osc,2015,2020,2010,2023,C,batter,zero
30,Angel Franco,ARI,Franco,Angel,2018,,franco001ang,,,2007,2017,2B,batter,one
136,Danny Lockhart,ARI,Lockhart,Danny,2018,,lockha000dan,,,2011,2019,2B,batter,zero
520,Travis Denker,ARI,Denker,Travis,2018,6155,denker001tra,2008,2008,2003,2017,3B,batter,one
293,Jorge Flores,ARI,Flores,Jorge,2018,,flores003jor,,,2012,2024,SS,batter,one
544,Vladimir Frias,ARI,Frias,Vladimir,2018,,frias-001vla,,,2008,2022,SS,batter,one
429,Oswaldo Arcia,ARI,Arcia,Oswaldo,2018,10306,arcia-001osw,2013,2016,2008,2024,OF,batter,one
181,Emilio Bonifacio,ARI,Bonifácio,Emilio,2018,4054,bonifa001emi,2007,2020,2003,2023,OF,batter,one
570,Zach Borenstein,ARI,Borenstein,Zach,2018,,borens000zac,,,2011,2020,OF,batter,one
319,Kelly Dugan,ARI,Dugan,Kelly,2018,,dugan-001kel,,,2009,2024,OF,batter,one
184,Enrique Burgos,ATL,Burgos,Enrique,2018,3895,burgos002enr,2015,2016,2008,2024,RHP,pitcher,one
455,Rhiner Cruz,ATL,Cruz,Rhiner,2018,711,cruz--001rhi,2012,2018,2004,2023,RHP,pitcher,one
333,Kris Medlen,ATL,Medlen,Kris,2018,9417,medlen001kri,2009,2018,2006,2018,RHP,pitcher,one
138,Danny Reynolds,ATL,Reynolds,Dan,2018,,reynol002dan,,,2010,2019,RHP,pitcher,one
275,Joe Rogers,ATL,Rogers,Joe,2018,,rogers000joe,,,2012,2017,LHP,pitcher,one
277,Joey Meneses,ATL,Meneses,Joey,2018,14366,menese000joe,2022,2024,2011,2024,1B,batter,one
335,Kyle Kubitza,ATL,Kubitza,Kyle,2018,12148,kubitz000kyl,2015,2015,2011,2018,3B,batter,one
487,Sean Kazmar,ATL,Kazmar,Sean,2018,7349,kazmar001sea,2008,2021,2004,2021,SS,batter,one
180,Emerson Landoni,ATL,Landoni,Emerson,2018,,landon001eme,,,2006,2017,SS,batter,one
382,Matt Tuiasosopo,ATL,Tuiasosopo,Matt,2018,8272,tuiaso001mat,2008,2016,2004,2018,OF,batter,one
407,Nate Adcock,BAL,Adcock,Nate,2018,3282,adcock001nat,2011,2015,2006,2015,RHP,pitcher,zero
23,Andrew Bellatti,BAL,Bellatti,Andrew,2018,10657,bellat001and,2015,2023,2009,2024,RHP,pitcher,one
57,Bobby Bundy,BAL,Bundy,Bobby,2018,,bundy-002rob,,,2008,2017,RHP,pitcher,one
256,Jason Garcia,BAL,García,Jason,2018,12143,garcia002jas,2015,2015,2010,2024,RHP,pitcher,one
264,Jefri Hernandez,BAL,Hernandez,Jefri,2018,,hernan001jef,,,2008,2020,RHP,pitcher,one
485,Scott McGough,BAL,McGough,Scott,2018,12056,mcgoug001sco,2015,2024,2011,2024,RHP,pitcher,one
456,Richard Rodriguez,BAL,Rodríguez,Richard,2018,13549,rodrig010ric,2017,2021,2010,2024,RHP,pitcher,one
203,Franderlin Romero,BAL,Romero,Franderlin,2018,,romero003fra,,,2010,2019,RHP,pitcher,zero
317,Karl Triana,BAL,Triana,Karl,2018,,triana000kar,,,2011,2017,RHP,pitcher,one
47,Austin Urban,BAL,Urban,Austin,2018,,urban-001aus,,,2013,2016,RHP,pitcher,one
537,Tyler Wilson,BAL,Wilson,Tyler,2018,12691,wilson005phi,2015,2017,2011,2020,RHP,pitcher,one
260,Jayson Aquino,BAL,Aquino,Jayson,2018,13150,aquino001jay,2016,2017,2010,2018,LHP,pitcher,one
509,Tim Berry,BAL,Berry,Tim,2018,,berry-001tim,,,2010,2018,LHP,pitcher,one
24,Andrew Faulkner,BAL,Faulkner,Andrew,2018,12982,faulkn000and,2015,2016,2011,2019,LHP,pitcher,one
451,Raudel Lazo,BAL,Lazo,Raudel,2018,14077,lazo--000rau,2015,2015,2008,2019,LHP,pitcher,one
348,Lucas Luetge,BAL,Luetge,Lucas,2018,8337,luetge001luc,2012,2023,2008,2024,LHP,pitcher,one
432,Paco Rodriguez,BAL,Rodríguez,Paco,2018,13398,rodrig003ste,2012,2015,2012,2019,LHP,pitcher,one
102,Chris O’Brien,BAL,O’Brien,Chris,2018,,obrien002chr,,,2011,2017,C,batter,zero
43,Audry Perez,BAL,Pérez,Audry,2018,9176,perez-001aud,2013,2014,2008,2020,C,batter,one
9,Aderlin Rodriguez,BAL,Rodríguez,Aderlin,2018,,rodrig001ade,,,2009,2024,1B,batter,one
493,Sharlon Schoop,BAL,Schoop,Sharlon,2018,,schoop001sha,,,2005,2023,2B,batter,one
14,Alex Castellanos,BAL,Castellanos,Alex,2018,7223,castel001ale,2012,2013,2008,2018,3B,batter,one
100,Chris Johnson,BAL,Johnson,Chris,2018,1191,johnso002chr,2009,2016,2006,2017,3B,batter,one
207,Garabez Rosa,BAL,Rosa,Garabez,2018,,rosa--001gar,,,2007,2023,3B,batter,one
460,Robert Andino,BAL,Andino,Robert,2018,4900,andino001rob,2005,2016,2002,2017,SS,batter,one
213,Glynn Davis,BAL,Davis,Glynn,2018,,davis-000gly,,,2011,2017,OF,batter,one
96,Chris Dickerson,BAL,Dickerson,Chris,2018,7095,dicker002chr,2008,2014,2003,2017,OF,batter,one
346,Logan Schafer,BAL,Schafer,Logan,2018,7937,schafe001log,2011,2016,2008,2017,OF,batter,one
147,David Washington,BAL,Washington,David,2018,12110,washin003dav,2017,2017,2009,2024,OF,batter,one
242,Jacob Dahlstrand,BOS,Dahlstrand,Jacob,2018,,dahlst001jac,,,2010,2017,RHP,pitcher,one
494,Shawn Haviland,BOS,Haviland,Shawn,2018,,havila001sha,,,2008,2017,RHP,pitcher,one
401,Mitchell Osnowitz,BOS,Osnowitz,Mitchell,2018,,osnowi000mit,,,2014,2022,RHP,pitcher,one
177,Elih Villanueva,BOS,Villanueva,Elih,2018,8796,villan002eli,2011,2011,2008,2024,RHP,pitcher,one
169,Edgar Olmos,BOS,Olmos,Edgar,2018,10174,olmos-001edg,2013,2015,2008,2018,LHP,pitcher,one
131,Dan Butler,BOS,Butler,Dan,2018,9968,butler001dan,2014,2018,2009,2018,C,batter,one
512,Tim Roberson,BOS,Roberson,Tim,2018,,robers000tim,,,2011,2017,C,batter,one
123,Conrad Gregor,BOS,Gregor,Conrad,2018,,gregor001con,,,2013,2019,1B,batter,one
222,Heiker Meneses,BOS,Meneses,Heiker,2018,,menses001hei,,,2008,2022,2B,batter,one
371,Matt Dominguez,BOS,Dominguez,Matt,2018,4903,doming001mat,2011,2016,2007,2018,3B,batter,one
398,Mike Olt,BOS,Olt,Mike,2018,10698,olt---001mic,2012,2015,2010,2019,3B,batter,one
472,Ryan Court,BOS,Court,Ryan,2018,12268,court-000rya,2019,2019,2011,2019,SS,batter,one
68,Brian Bogusevic,BOS,Bogusevic,Brian,2018,4719,boguse001bri,2010,2015,2005,2017,OF,batter,one
504,Steve Selsky,BOS,Selsky,Steve,2018,12957,selsky002ste,2016,2017,2011,2018,OF,batter,one
225,Henry Urrutia,BOS,Urrutia,Henry,2018,14441,urruti000hen,2013,2015,2005,2024,OF,batter,one
483,Scott Carroll,CHC,Carroll,Scott,2018,888,carrol001sco,2014,2016,2007,2018,RHP,pitcher,one
551,Williams Perez,CHC,Pérez,Williams,2018,11592,perez-003wil,2015,2016,2009,2023,RHP,pitcher,one
265,Jemile Weeks,CHC,Weeks,Jemile,2018,2498,weeks-001jem,2011,2016,2008,2018,2B,batter,one
97,Chris Dominguez,CHC,Dominguez,Chris,2018,9718,doming001chr,2014,2015,2009,2019,3B,batter,one
395,Mike Freeman,CHC,Freeman,Mike,2018,11241,freema001mic,2016,2021,2010,2021,SS,batter,one
430,Ozzie Martinez,CHC,Martinez,Ozzie,2018,,martin003osv,,,1994,2007,SS,batter,one
179,Elliot Soto,CHC,Soto,Elliot,2018,11155,soto--001ell,2020,2020,2010,2024,SS,batter,one
281,John Andreoli,CHC,Andreoli,John,2018,13012,andreo000joh,2018,2021,2011,2022,OF,batter,one
474,Ryan Kalish,CHC,Kalish,Ryan,2018,6962,kalish001rya,2010,2016,2006,2017,OF,batter,one
524,Trey Martin,CHC,Martin,Trey,2018,,martin002tre,,,2011,2024,OF,batter,one
502,Steve Johnson,CHW,Johnson,Steve,2018,4053,johnso006ste,2012,2016,2005,2018,RHP,pitcher,one
323,Kelvis Valerio,CHW,Valerio,Kelvis,2018,,valeri000kel,,,2011,2017,RHP,pitcher,one
376,Matt Purke,CHW,Purke,Matt,2018,12831,purke-001mat,2016,2016,2011,2019,LHP,pitcher,one
486,Scott Snodgress,CHW,Snodgress,Scott,2018,12020,snodgr000sco,2014,2014,2011,2017,LHP,pitcher,one
462,Roberto Pena,CHW,Peña,Roberto,2018,,pena--002rob,,,2010,2023,C,batter,one
463,Ronald Bueno,CHW,Bueno,Ronald,2018,,bueno-001ron,,,2010,2017,2B,batter,one
532,Tyler Ladendorf,CHW,Ladendorf,Tyler,2018,3211,ladend001tyl,2015,2021,2008,2022,2B,batter,one
299,Jose Vinicio,CHW,Vinicio,Jose,2018,,vinici001jos,,,2010,2018,SS,batter,one
255,Jason Bourgeois,CHW,Bourgeois,Jason,2018,2225,bourge001jas,2008,2015,2000,2018,OF,batter,one
231,Hunter Jones,CHW,Jones,Hunter,2018,,jones-001hun,,,2010,2019,OF,batter,one
209,Geoff Broussard,CIN,Broussard,Geoff,2018,,brouss000geo,,,2012,2024,RHP,pitcher,one
13,Alejandro Chacin,CIN,Chacín,Alejandro,2018,13530,chacin001ale,2017,2017,2010,2023,RHP,pitcher,one
80,Carlos Gonzalez,CIN,Gonzalez,Carlos,2018,,gonzal014car,,,2011,2017,RHP,pitcher,one
542,Vin Mazzaro,CIN,Mazzaro,Vin,2018,5231,mazzar001vin,2009,2016,2006,2023,RHP,pitcher,one
410,Nefi Ogando,CIN,Ogando,Nefi,2018,12253,ogando001nef,2015,2016,2010,2021,RHP,pitcher,one
46,Austin Ross,CIN,Ross,Austin,2018,,ross--001aus,,,2010,2017,RHP,pitcher,one
461,Robert Stock,CIN,Stock,Robert,2018,6576,stock-001rob,2018,2021,2009,2024,RHP,pitcher,one
157,Domingo Tapia,CIN,Tapia,Domingo,2018,12178,tapia-001dom,2020,2023,2010,2023,RHP,pitcher,one
233,Ismael Guillon,CIN,Guillón,Ismael,2018,,guillo001ism,,,2010,2023,LHP,pitcher,one
294,Jose Duarte,CIN,Duarte,Jose,2018,,duarte001jos,,,2005,2019,C,batter,one
39,Arismendy Alcantara,CIN,Alcántara,Arismendy,2018,10711,alcant003ari,2014,2017,2009,2024,2B,batter,one
33,Angelo Gumbs,CIN,Gumbs,Angelo,2018,,gumbs-001ang,,,2010,2021,2B,batter,one
227,Hernan Iribarren,CIN,Iribarren,Hernán,2018,4177,iribar001her,2008,2016,2004,2018,2B,batter,one
306,Juan Perez,CIN,Perez,Juan,2018,,perez-019jua,,,2011,2024,SS,batter,one
288,Jonathan Reynoso,CIN,Reynoso,Jonathan,2018,,reynos001jho,,,2010,2019,OF,batter,one
6,Adam Brett Walker,CIN,Brett Walker,Adam,2018,,walker002ada,,,2012,2024,OF,batter,zero
459,Robbie Aviles,CLE,Aviles,Robbie,2018,,aviles001rob,,,2011,2017,RHP,pitcher,one
519,Travis Banwart,CLE,Banwart,Travis,2018,,banwar001tra,,,2007,2019,RHP,pitcher,one
273,Joe Colon,CLE,Colón,Joe,2018,4920,colon-008jos,2016,2016,2009,2018,RHP,pitcher,one
78,Carlos Frias,CLE,Frías,Carlos,2018,3547,frias-001car,2014,2016,2007,2019,RHP,pitcher,one
439,Perci Garner,CLE,Garner,Perci,2018,10887,garner001per,2016,2016,2010,2017,RHP,pitcher,one
254,Jarrett Grube,CLE,Grube,Jarrett,2018,7553,grube-001jar,2014,2014,2004,2017,RHP,pitcher,one
263,Jeff Johnson,CLE,Johnson,Jeff,2018,,johnso007jef,,,2012,2024,RHP,pitcher,one
183,Enosil Tejeda,CLE,Tejeda,Enosil,2018,,tejeda001eno,,,2010,2015,RHP,pitcher,one
511,Tim Cooney,CLE,Cooney,Tim,2018,13762,cooney000tim,2015,2015,2012,2017,LHP,pitcher,one
353,Luis Lugo,CLE,Lugo,Luis,2018,,lugo--003lui,,,2011,2023,LHP,pitcher,one
101,Chris Narveson,CLE,Narveson,Chris,2018,2141,narves001chr,2006,2016,2000,2017,LHP,pitcher,one
367,Martin Cervenka,CLE,Cervenka,Martin,2018,,cerven000mar,,,2011,2021,C,batter,zero
307,Juan de la Cruz,CLE,de la Cruz,Juan,2018,,delacr003jua,,,2010,2017,C,batter,zero
8,Adam Moore,CLE,Moore,Adam,2018,9362,moore-001ada,2009,2018,2006,2019,C,batter,one
112,Claudio Bautista,CLE,Bautista,Claudio,2018,,bautis000cla,,,2011,2017,2B,batter,one
387,Michael Martinez,CLE,Martínez,Michael,2018,7358,martin010mic,2011,2017,2006,2023,2B,batter,one
301,Josh Wilson,CLE,Wilson,Josh,2018,2102,wilson006jos,2005,2015,1999,2017,2B,batter,one
567,Yonathan Mendoza,CLE,Mendoza,Yonathan,2018,,mendoz000yon,,,2011,2024,SS,batter,one
465,Ronny Rodriguez,CLE,Rodríguez,Ronny,2018,11875,rodrig003ron,2018,2019,2011,2024,SS,batter,one
144,David Lough,CLE,Lough,David,2018,7215,lough-001dav,2012,2016,2007,2017,OF,batter,one
349,Luigi Rodriguez,CLE,Rodriguez,Luigi,2018,,rodrig016lui,,,2010,2018,OF,batter,one
292,Jordan Smith,CLE,Smith,Jordan,2018,,smith-002jor,,,2011,2018,OF,batter,one
229,Huascar Brazoban,COL,Brazobán,Huascar,2018,6107,brazob000hua,2022,2024,2012,2024,RHP,pitcher,one
49,Barry Enright,COL,Enright,Barry,2018,2412,enrigh001bar,2010,2013,2007,2018,RHP,pitcher,one
170,Edison Frias,COL,Frias,Edison,2018,,frias-000edi,,,2011,2023,RHP,pitcher,one
280,Johendi Jiminian,COL,Jiminian,Johendí,2018,,jimini001joh,,,2010,2019,RHP,pitcher,one
74,C.C. Lee,COL,Lee,C. C.,2018,5177,lee---001che,2013,2015,2009,2024,RHP,pitcher,one
357,Luis Niebla,COL,Niebla,Luis,2018,,niebla002lui,,,2010,2023,RHP,pitcher,zero
416,Nick Additon,COL,Additon,Nick,2018,,addito001nic,,,2007,2019,LHP,pitcher,one
470,Ryan Carpenter,COL,Carpenter,Ryan,2018,12699,carpen001rya,2018,2019,2011,2024,LHP,pitcher,one
193,Evan Grills,COL,Grills,Evan,2018,,grills001eva,,,2010,2022,LHP,pitcher,one
549,Will Lamb,COL,Lamb,Will,2018,,lamb--000wil,,,2011,2017,LHP,pitcher,one
223,Helmis Rodriguez,COL,Rodriguez,Helmis,2018,,rodrig000hel,,,2011,2017,LHP,pitcher,one
48,Austin Wright,COL,Wright,Austin,2018,,wright001aus,,,2011,2019,LHP,pitcher,one
219,Hamlet Marte,COL,Marte,Hamlet,2018,,marte-000ham,,,2011,2023,C,batter,one
473,Ryan Howard,COL,Howard,Ryan,2018,2154,howard001rya,2004,2016,2001,2017,1B,batter,one
447,Rafael Ynoa,COL,Ynoa,Rafael,2018,2832,ynoa--001raf,2014,2016,2006,2018,2B,batter,one
127,Cristhian Adames,COL,Adames,Cristhian,2018,6013,adames001cri,2014,2019,2008,2024,SS,batter,one
134,Daniel Castro,COL,Castro,Daniel,2018,15450,castro001dan,2015,2018,2010,2024,SS,batter,one
303,Juan Ciriaco,COL,Ciriaco,Juan,2018,,ciriac002jua,,,2009,2017,SS,batter,one
555,Wilson Soriano,COL,Soriano,Wilson,2018,,sorian001wil,,,2009,2017,SS,batter,one
499,Stephen Cardullo,COL,Cardullo,Stephen,2018,11204,cardul001ste,2016,2017,2010,2021,OF,batter,one
466,Rosell Herrera,COL,Herrera,Rosell,2018,11611,herrer001ros,2018,2019,2010,2022,OF,batter,one
156,Dillon Thomas,COL,Thomas,Dillon,2018,12719,thomas000dil,2021,2022,2011,2024,OF,batter,one
442,R.J. Alaniz,DET,Alaniz,R. J.,2018,10819,alaniz001rub,2019,2021,2010,2024,RHP,pitcher,one
262,Jeff Ferrell,DET,Ferrell,Jeff,2018,11506,ferrel001jef,2015,2017,2010,2017,RHP,pitcher,one
404,Myles Jaye,DET,Jaye,Myles,2018,11769,jaye--001myl,2017,2017,2011,2018,RHP,pitcher,one
345,Logan Kensing,DET,Kensing,Logan,2018,6166,kensin001log,2004,2016,2003,2018,RHP,pitcher,one
31,Angel Nesbitt,DET,Nesbitt,Angel,2018,13415,nesbit001ang,2015,2015,2009,2020,RHP,pitcher,zero
369,Matt Crouse,DET,Crouse,Matt,2018,,crouse000mat,,,2011,2017,LHP,pitcher,one
36,Anthony Gose,DET,Gose,Anthony,2018,5097,gose--001ant,2012,2022,2008,2024,LHP,pitcher,one
337,Kyle Ryan,DET,Ryan,Kyle,2018,11753,ryan--001kyl,2014,2021,2010,2022,LHP,pitcher,one
37,Anthony Vasquez,DET,Vasquez,Anthony,2018,6577,vasque002ant,2011,2011,2009,2021,LHP,pitcher,one
391,Miguel Gonzalez,DET,González,Miguel,2018,4049,gonzal009mig,2013,2013,2008,2017,C,batter,one
175,Efren Navarro,DET,Navarro,Efren,2018,9854,navarr001efr,2011,2018,2007,2024,1B,batter,one
427,Omar Infante,DET,Infante,Omar,2018,1609,infant001oma,2002,2016,1999,2017,2B,batter,one
347,Logan Watkins,DET,Watkins,Logan,2018,4875,watkin001vin,2013,2014,2008,2019,2B,batter,one
572,Zack Cox,DET,Cox,Zack,2018,,cox---001zac,,,2010,2017,3B,batter,one
66,Brendan Ryan,DET,Ryan,Brendan,2018,6073,ryan--001bre,2007,2016,2003,2017,SS,batter,one
270,Jim Adduci,DET,Adduci,Jim,2018,6448,adduci001jam,2013,2019,2004,2019,OF,batter,one
527,Tyler Collins,DET,Collins,Tyler,2018,12723,collin000tyl,2014,2017,2011,2018,OF,batter,one
258,Jason Krizan,DET,Krizan,Jason,2018,12394,krizan000jas,2022,2022,2011,2022,OF,batter,one
506,Steven Moya,DET,Moya,Steven,2018,11854,moya--001ste,2014,2016,2009,2024,OF,batter,one
327,Kevin Comer,HOU,Comer,Kevin,2018,,comer-000kev,,,2012,2019,RHP,pitcher,one
310,Jumbo Diaz,HOU,Díaz,Jumbo,2018,3397,diaz--007jos,2014,2017,2002,2023,RHP,pitcher,one
145,David Martinez,HOU,Martínez,David,2018,8893,martin013dav,2013,2014,2005,2022,RHP,pitcher,one
172,Eduardo de Oleo,HOU,de Oleo,Eduardo,2018,,deoleo000edu,,,2011,2023,C,batter,one
452,Reid Brignac,HOU,Brignac,Reid,2018,8380,brigna001rei,2008,2016,2004,2018,2B,batter,one
119,Colin Walsh,HOU,Walsh,Colin,2018,10961,walsh-001col,2016,2016,2010,2018,3B,batter,one
458,Rico Noel,HOU,Noel,Rico,2018,10585,noel--001jab,2015,2015,2010,2022,OF,batter,one
107,Christian Binford,KCR,Binford,Christian,2018,,binfor000mar,,,2012,2019,RHP,pitcher,one
562,Yender Caramo,KCR,Cáramo,Yender,2018,,caramo000yen,,,2011,2023,RHP,pitcher,one
361,Malcom Culver,KCR,Culver,Malcom,2018,,culver001mal,,,2008,2017,RHP,pitcher,one
366,Mark Peterson,KCR,Peterson,Mark,2018,,peters004mar,,,2012,2017,RHP,pitcher,one
251,Jared Schlehuber,KCR,Schlehuber,Jared,2018,,schleh000jar,,,2012,2016,RHP,pitcher,one
105,Chris Withrow,KCR,Withrow,Chris,2018,7161,withro001chr,2013,2016,2007,2016,RHP,pitcher,one
358,Luis Rico,KCR,Rico,Luis,2018,,rico--000lui,,,2011,2024,LHP,pitcher,one
65,Brayan Pena,KCR,Peña,Brayan,2018,3231,pena--001bra,2005,2016,2001,2017,C,batter,one
149,Dean Anna,KCR,Anna,Dean,2018,8353,anna--001dea,2014,2015,2008,2018,2B,batter,one
467,Ruben Sosa,KCR,Sosa,Ruben,2018,,sosa--000rub,,,2011,2022,2B,batter,one
208,Garin Cecchini,KCR,Cecchini,Garin,2018,11608,cecchi001---,2014,2015,2011,2017,3B,batter,one
383,Mauricio Ramos,KCR,Ramos,Mauricio,2018,,ramos-000mau,,,2011,2022,3B,batter,one
571,Zach Walters,KCR,Walters,Zach,2018,10622,walter001zac,2013,2016,2010,2018,3B,batter,one
44,Austin Adams,LAA,Adams,Austin,2018,7411,adams-001aus,2014,2019,2009,2022,RHP,pitcher,one
5,Abel de los Santos,LAA,de los Santos,Abel,2018,12962,deloss001abe,2015,2016,2010,2019,RHP,pitcher,zero
350,Luis E. Diaz,LAA,Diaz,Luis,2018,,diaz--010lui,,,2009,2019,RHP,pitcher,zero
161,Drew Gagnon,LAA,Gagnon,Drew,2018,12545,gagnon001and,2018,2019,2011,2024,RHP,pitcher,one
235,Ivan Hernandez,LAA,Hernandez,Ivan,2018,,hernan002iva,,,2010,2022,RHP,pitcher,one
480,Sam Holland,LAA,Holland,Sam,2018,,hollan000sam,,,2013,2023,RHP,pitcher,one
187,Eric Karch,LAA,Karch,Eric,2018,,karch-000eri,,,2014,2019,RHP,pitcher,one
269,Jhondaniel Medina,LAA,Medina,Jhondaniel,2018,,medina001jho,,,2010,2022,RHP,pitcher,one
146,David Perez,LAA,Perez,David,2018,,perez-003dav,,,2010,2018,RHP,pitcher,one
71,Brooks Pounders,LAA,Pounders,Brooks,2018,10387,pounde001bro,2016,2019,2009,2021,RHP,pitcher,one
362,Manny Banuelos,LAA,Banuelos,Manny,2018,5365,banuel001man,2015,2022,2008,2024,LHP,pitcher,one
116,Cody Ege,LAA,Ege,Cody,2018,15928,ege---000cod,2016,2016,2013,2017,LHP,pitcher,one
328,Kevin Grendell,LAA,Grendell,Kevin,2018,,grende000kev,,,2012,2020,LHP,pitcher,one
257,Jason Gurka,LAA,Gurka,Jason,2018,8007,gurka-001jas,2015,2017,2008,2022,LHP,pitcher,one
282,John Lamb,LAA,Lamb,John,2018,8493,lamb--003joh,2015,2018,2009,2018,LHP,pitcher,one
202,Francisco Arcia,LAA,Arcia,Francisco,2018,10286,arcia-001fra,2018,2018,2007,2024,C,batter,one
163,Dustin Ackley,LAA,Ackley,Dustin,2018,10099,ackley001dus,2011,2016,2009,2018,1B,batter,one
418,Nick Franklin,LAA,Franklin,Nick,2018,10166,frankl001nic,2013,2018,2009,2022,2B,batter,one
454,Rey Navarro,LAA,Navarro,Rey,2018,6008,navarr001rey,2015,2015,2007,2019,SS,batter,one
201,Forrestt Allday,LAA,Allday,Forrestt,2018,,allday000for,,,2013,2021,OF,batter,one
482,Scott Barlow,LAD,Barlow,Scott,2018,14993,barlow000sco,2018,2024,2011,2024,RHP,pitcher,one
196,Fabio Castillo,LAD,Castillo,Fabio,2018,2826,castil001fab,2017,2017,2006,2019,RHP,pitcher,one
167,Eddie Gamboa,LAD,Gamboa,Eddie,2018,6911,gamboa001edd,2016,2016,2008,2022,RHP,pitcher,one
501,Steve Geltz,LAD,Geltz,Steve,2018,8402,geltz-001ste,2012,2016,2008,2017,RHP,pitcher,one
142,David Hale,LAD,Hale,David,2018,9756,hale--001dav,2013,2021,2009,2021,RHP,pitcher,one
243,Jair Jurrjens,LAD,Jurrjens,Jair,2018,5556,jurrje001jai,2007,2014,2003,2024,RHP,pitcher,one
313,Justin Masterson,LAD,Masterson,Justin,2018,2038,master001jus,2008,2015,2006,2017,RHP,pitcher,one
305,Juan Noriega,LAD,Noriega,Juan,2018,,norieg002jua,,,2010,2022,RHP,pitcher,one
425,Oliver Polanco,LAD,Polanco,Oliver,2018,,polanc001oli,,,2016,2017,RHP,pitcher,one
513,Tim Shibuya,LAD,Shibuya,Tim,2018,,shibuy000tim,,,2011,2017,RHP,pitcher,one
26,Andrew Thurman,LAD,Thurman,Andrew,2018,,thurma000and,,,2013,2017,RHP,pitcher,one
360,Madison Younginer,LAD,Younginer,Madison,2018,10636,youngi001mad,2016,2016,2010,2020,RHP,pitcher,one
266,Jeremy Bleich,LAD,Bleich,Jeremy,2018,9069,bleich001jer,2018,2018,2008,2019,LHP,pitcher,one
232,Ike Davis,LAD,Davis,Ike,2018,8433,davis-002isa,2010,2016,2008,2017,LHP,pitcher,one
240,Jack Murphy,LAD,Murphy,Jack,2018,,murphy005jac,,,2009,2019,C,batter,one
489,Sean O’Connell,LAD,O’Connell,Sean,2018,,oconne002sea,,,2010,2017,C,batter,zero
556,Wynston Sawyer,LAD,Sawyer,Wynston,2018,,sawyer001wyn,,,2010,2019,C,batter,one
58,Bobby Wilson,LAD,Wilson,Bobby,2018,6564,wilson014rob,2008,2019,2003,2019,C,batter,one
496,Shawn Zarraga,LAD,Zarraga,Shawn,2018,,zarrag001sha,,,2008,2017,C,batter,one
431,O’Koyea Dickson,LAD,Dickson,O'Koyea,2018,12677,dickso000oko,2017,2017,2011,2019,1B,batter,one
162,Drew Maggi,LAD,Maggi,Drew,2018,11381,maggi-001and,2023,2023,2010,2024,SS,batter,one
514,Todd Cunningham,LAD,Cunningham,Todd,2018,10822,cunnin003tho,2013,2016,2010,2018,OF,batter,one
441,Quincy Latimore,LAD,Latimore,Quincy,2018,,latimo001qui,,,2007,2024,OF,batter,one
468,Ryan Beckman,MIA,Beckman,Ryan,2018,,beckma001rya,,,2009,2017,RHP,pitcher,one
426,Omar Bencomo,MIA,Bencomo,Omar,2018,,bencom002oma,,,2007,2023,RHP,pitcher,one
484,Scott Copeland,MIA,Copeland,Scott,2018,10706,copela001sco,2015,2018,2010,2019,RHP,pitcher,one
550,William Cuevas,MIA,Cuevas,William,2018,13331,cuevas001wil,2016,2018,2009,2024,RHP,pitcher,one
61,Brandon Cunniff,MIA,Cunniff,Brandon,2018,11509,cunnif001bra,2015,2016,2010,2022,RHP,pitcher,one
197,Felipe Gonzalez,MIA,Gonzalez,Felipe,2018,,gonzal004fel,,,2008,2024,RHP,pitcher,one
529,Tyler Higgins,MIA,Higgins,Tyler,2018,,higgin001tyl,,,2011,2022,RHP,pitcher,one
113,Clayton Mortensen,MIA,Mortensen,Clayton,2018,3166,morten001cla,2009,2013,2007,2017,RHP,pitcher,one
331,Keyvius Sampson,MIA,Sampson,Keyvius,2018,10039,sampso001key,2015,2016,2009,2024,RHP,pitcher,one
397,Mike Kickham,MIA,Kickham,Mike,2018,11618,kickha001mic,2013,2021,2010,2024,LHP,pitcher,one
250,Jared Lakind,MIA,Lakind,Jared,2018,,lakind001jar,,,2010,2024,LHP,pitcher,one
336,Kyle Lobstein,MIA,Lobstein,Kyle,2018,9178,lobste001kyl,2014,2021,2009,2023,LHP,pitcher,one
321,Kelvin Marte,MIA,Marte,Kelvin,2018,5200,marte-001kel,2016,2016,2007,2019,LHP,pitcher,one
541,Victor Payano,MIA,Payano,Victor,2018,,payano001vic,,,2010,2022,LHP,pitcher,one
135,Daniel Schlereth,MIA,Schlereth,Daniel,2018,8739,schler001dan,2009,2012,2008,2019,LHP,pitcher,one
380,Matt Tomshaw,MIA,Tomshaw,Matt,2018,,tomsha000mat,,,2011,2021,LHP,pitcher,one
449,Ramon Cabrera,MIA,Cabrera,Ramón,2018,10327,cabrer001ram,2015,2016,2008,2023,C,batter,one
76,Cam Maron,MIA,Maron,Cam,2018,,maron-001cam,,,2009,2017,C,batter,one
164,Dustin Geiger,MIA,Geiger,Dustin,2018,,geiger001dus,,,2010,2019,1B,batter,one
108,Christian Colon,MIA,Colón,Christian,2018,11145,colon-001chr,2014,2020,2010,2021,2B,batter,one
245,Jake Elmore,MIA,Elmore,Jake,2018,7290,elmore001jac,2012,2019,2008,2021,2B,batter,one
215,Grant Green,MIA,Green,Grant,2018,10053,green-001gra,2013,2017,2009,2018,2B,batter,one
114,Cleuluis Rondon,MIA,Rondon,Cleuluis,2018,,rondon000cle,,,2011,2022,SS,batter,one
315,K.C. Serna,MIA,Serna,KC,2018,,serna-000cas,,,2011,2017,SS,batter,one
59,Brandon Barnes,MIA,Barnes,Brandon,2018,629,barnes001bra,2012,2018,2005,2020,OF,batter,one
153,Destin Hood,MIA,Hood,Destin,2018,9887,hood--001des,2016,2016,2008,2019,OF,batter,one
103,Chris Parmelee,MIA,Parmelee,Chris,2018,2554,parmel001chr,2011,2016,2006,2019,OF,batter,one
192,Eury Perez,MIA,Pérez,Eury,2018,10299,perez-001eur,2012,2015,2007,2024,OF,batter,one
560,Yefri Perez,MIA,Pérez,Yefri,2018,12090,perez-001yef,2016,2016,2009,2024,OF,batter,one
402,Moises Sierra,MIA,Sierra,Moisés,2018,6050,sierra001moi,2012,2018,2006,2023,OF,batter,one
563,Yhonathan Barrios,MIL,Barrios,Yhonathan,2018,11166,barrio001jon,2015,2015,2009,2021,RHP,pitcher,one
434,Parker Berberet,MIL,Berberet,Parker,2018,,berber000par,,,2011,2017,RHP,pitcher,one
228,Hiram Burgos,MIL,Burgos,Hiram,2018,9412,burgos001hir,2013,2013,2009,2023,RHP,pitcher,one
528,Tyler Cravy,MIL,Cravy,Tyler,2018,10770,cravy-001tyl,2015,2016,2009,2018,RHP,pitcher,one
521,Travis Hissong,MIL,Hissong,Travis,2018,,hisson000tra,,,2014,2018,RHP,pitcher,one
377,Matt Ramsey,MIL,Ramsey,Matt,2018,14460,ramsey002mat,2019,2019,2012,2019,RHP,pitcher,one
200,Forrest Snow,MIL,Snow,Forrest,2018,,snow--001for,,,2010,2020,RHP,pitcher,one
32,Angel Ventura,MIL,Ventura,Angel,2018,,ventur002ang,,,2011,2022,RHP,pitcher,one
22,Andrew Barbosa,MIL,Barbosa,Andrew,2018,,barbos001and,,,2012,2018,LHP,pitcher,one
488,Sean Nolin,MIL,Nolin,Sean,2018,11341,nolin-001sea,2013,2023,2010,2023,LHP,pitcher,one
421,Nick Ramirez,MIL,Ramirez,Nick,2018,12575,ramire002nic,2019,2024,2011,2024,LHP,pitcher,one
453,Rene Garcia,MIL,Garcia,René,2018,,garcia003ren,,,2008,2017,C,batter,one
165,Dustin Houle,MIL,Houle,Dustin,2018,,houle-000dus,,,2012,2019,C,batter,one
95,Chris Colabello,MIL,Colabello,Chris,2018,13051,colabe001chr,2013,2016,2005,2019,1B,batter,one
234,Ivan De Jesus Jr.,MIL,De Jesús,Iván,2018,9886,dejesu001iva,2011,2016,2005,2023,SS,batter,one
420,Nick Noonan,MIL,Noonan,Nick,2018,6880,noonan001nic,2013,2016,2007,2018,SS,batter,one
206,Gabriel Noriega,MIL,Noriega,Gabriel,2018,,norieg001gab,,,2008,2024,SS,batter,one
559,Yadiel Rivera,MIL,Rivera,Yadiel,2018,11863,rivera001yad,2015,2020,2010,2023,SS,batter,one
389,Michael Reed,MIL,Reed,Michael,2018,13228,reed--002mic,2015,2019,2011,2019,OF,batter,one
224,Henry Centeno,MIN,Centeno,Henry,2018,,centen002hen,,,2011,2024,RHP,pitcher,one
98,Chris Heston,MIN,Heston,Chris,2018,10302,heston001chr,2014,2017,2009,2018,RHP,pitcher,one
316,Kam Mickolio,MIN,Mickolio,Kam,2018,9513,mickol001kam,2008,2011,2006,2019,RHP,pitcher,one
565,Yohan Pino,MIN,Pino,Yohan,2018,6955,pino--001yoh,2014,2015,2005,2021,RHP,pitcher,one
151,Dereck Rodriguez,MIN,Rodríguez,Dereck,2018,14509,rodrig004iva,2018,2023,2011,2024,RHP,pitcher,one
143,David Hurlbut,MIN,Hurlbut,David,2018,,hurlbu001dav,,,2011,2018,LHP,pitcher,one
477,Ryan O’Rourke,MIN,O’Rourke,Ryan,2018,10976,orourk001rya,2015,2019,2010,2019,LHP,pitcher,zero
381,Matt Tracy,MIN,Tracy,Matt,2018,12240,tracy-001mat,2015,2015,2011,2018,LHP,pitcher,one
83,Carlos Paulino,MIN,Paulino,Carlos,2018,,paulin001car,,,2008,2024,C,batter,one
561,Yeison Perez,MIN,Perez,Yeison,2018,,perez-000yei,,,2014,2018,C,batter,one
148,Davinson Pimentel,MIN,Pimentel,Davinson,2018,,piment000dav,,,2014,2017,C,batter,one
372,Matt Hague,MIN,Hague,Matt,2018,7772,hague-001mat,2012,2015,2008,2018,1B,batter,one
289,Jonathan Rodriguez,MIN,Rodríguez,Jonathan,2018,,rodrig002jon,,,2009,2019,1B,batter,one
29,Andy Wilkins,MIN,Wilkins,Andy,2018,11251,wilkin001and,2014,2016,2010,2019,1B,batter,one
517,Tommy Field,MIN,Field,Tommy,2018,6262,field-003tho,2011,2015,2008,2017,2B,batter,zero
423,Niko Goodrum,MIN,Goodrum,Niko,2018,12092,goodru001car,2017,2024,2010,2024,2B,batter,one
341,Leonardo Reginatto,MIN,Reginatto,Leonardo,2018,,regina001leo,,,2009,2024,SS,batter,one
237,J.B. Shuck,MIN,Shuck,JB,2018,6677,shuck-001jac,2011,2019,2008,2019,OF,batter,one
478,Ryan Strausborger,MIN,Strausborger,Ryan,2018,10937,straus002rya,2015,2015,2010,2018,OF,batter,one
286,Jonathan Albaladejo,NYM,Albaladejo,Jonathan,2018,3521,albala001jon,2007,2012,2001,2019,RHP,pitcher,one
400,Mitch Atkins,NYM,Atkins,Mitch,2018,8369,atkins001mit,2009,2011,2004,2023,RHP,pitcher,one
53,Blake Beavan,NYM,Beavan,Blake,2018,338,beavan001bla,2011,2014,2008,2017,RHP,pitcher,one
547,Wilfredo Boscan,NYM,Boscán,Wilfredo,2018,7655,boscan001wil,2016,2016,2007,2024,RHP,pitcher,one
125,Cory Burns,NYM,Burns,Cory,2018,6620,burns-001cor,2012,2013,2009,2017,RHP,pitcher,one
190,Erik Goeddel,NYM,Goeddel,Erik,2018,11712,goedde001eri,2014,2018,2010,2018,RHP,pitcher,one
158,Donovan Hand,NYM,Hand,Donovan,2018,8728,hand--001don,2013,2015,2007,2017,RHP,pitcher,one
355,Luis Mateo,NYM,Mateo,Luis,2018,,mateo-004lui,,,2011,2022,RHP,pitcher,multiple_passed_bref_check
126,Craig Missigman,NYM,Missigman,Craig,2018,,missig000cra,,,2011,2017,RHP,pitcher,one
438,Pedro Perez,NYM,Perez,Pedro,2018,,perez-011ped,,,2011,2017,RHP,pitcher,one
534,Tyler Pill,NYM,Pill,Tyler,2018,12751,pill--001tyl,2017,2017,2011,2019,RHP,pitcher,one
51,Ben Rowen,NYM,Rowen,Ben,2018,10983,rowen-001ben,2014,2021,2010,2021,RHP,pitcher,one
413,Neil Wagner,NYM,Wagner,Neil,2018,8162,wagner001nei,2011,2014,2006,2018,RHP,pitcher,one
50,Beck Wheeler,NYM,Wheeler,Beck,2018,,wheele000bec,,,2011,2018,RHP,pitcher,one
11,Alberto Baldonado,NYM,Baldonado,Alberto,2018,11812,baldon001alb,2021,2021,2010,2024,LHP,pitcher,one
326,Kevin Canelon,NYM,Canelon,Kevin,2018,,canelo000kev,,,2011,2018,LHP,pitcher,one
515,Tom Gorzelanny,NYM,Gorzelanny,Tom,2018,6244,gorzel001tho,2005,2016,2003,2017,LHP,pitcher,one
558,Xorge Carrillo,NYM,Carrillo,Xorge,2018,,carril001xor,,,2011,2023,C,batter,one
540,Victor Moscote,NYM,Moscote,Victor,2018,,moscot000vic,,,2011,2018,C,batter,one
406,Natanael Ramos,NYM,Ramos,Natanael,2018,,ramos-000nat,,,2011,2017,C,batter,one
115,Cody Decker,NYM,Decker,Cody,2018,9665,decker001cod,2015,2015,2009,2019,1B,batter,one
238,J.C. Rodriguez,NYM,Rodriguez,J. C.,2018,,rodrig003jea,,,2011,2018,2B,batter,one
272,Jio Mier,NYM,Mier,Jio,2018,,mier--001jio,,,2009,2018,SS,batter,zero
218,Gustavo Nunez,NYM,Nunez,Gustavo,2018,,nunez-001gus,,,2007,2024,SS,batter,one
300,Josh Rodriguez,NYM,Rodriguez,Joshua,2018,5716,rodrig033jos,2011,2011,2006,2024,SS,batter,one
539,Victor Cruzado,NYM,Cruzado,Victor,2018,,cruzad000vic,,,2011,2018,OF,batter,one
522,Travis Snider,NYM,Snider,Travis,2018,2830,snider001tra,2008,2015,2006,2021,OF,batter,one
523,Travis Taijeron,NYM,Taijeron,Travis,2018,11935,taijer000tra,2017,2017,2011,2019,OF,batter,one
121,Colten Brewer,NYY,Brewer,Colten,2018,12997,brewer000col,2018,2024,2012,2024,RHP,pitcher,one
304,Juan Jimenez,NYY,Jimenez,Juan,2018,,matos-000jua,,,2011,2017,RHP,pitcher,one
530,Tyler Jones,NYY,Jones,Tyler,2018,,jones-002tyl,,,2011,2018,RHP,pitcher,one
296,Jose Pena,NYY,Pena,Jose,2018,,pena--012jos,,,2009,2018,RHP,pitcher,one
171,Eduardo Rivera,NYY,Rivera,Eduardo,2018,,rivera003edu,,,2011,2023,RHP,pitcher,one
132,Daniel Camarena,NYY,Camarena,Daniel,2018,14467,camare000dan,2021,2021,2012,2024,LHP,pitcher,zero
274,Joe Mantiply,NYY,Mantiply,Joe,2018,14857,mantip001jos,2016,2024,2013,2024,LHP,pitcher,one
188,Eric Wooten,NYY,Wooten,Eric,2018,,wooten000eri,,,2011,2018,LHP,pitcher,one
548,Wilkin Castillo,NYY,Castillo,Wilkin,2018,5124,castil001wil,2008,2019,2004,2021,C,batter,one
318,Kellin Deglan,NYY,Deglan,Kellin,2018,,deglan001kel,,,2010,2022,C,batter,one
168,Eddy Rodriguez,NYY,Rodríguez,Eddy,2018,6870,rodrig003edd,2012,2012,2006,2017,C,batter,one
546,Wes Wilson,NYY,Wilson,Wes,2018,,wilson000wes,,,2011,2017,C,batter,one
159,Donovan Solano,NYY,Solano,Donovan,2018,8623,solano001don,2012,2024,2005,2024,2B,batter,one
139,Dante Bichette Jr.,NYY,Bichette,Dante,2018,,bichet000dan,,,2011,2019,3B,batter,one
111,Cito Culver,NYY,Culver,Cito,2018,,culver001chr,,,2010,2024,SS,batter,one
368,Mason Williams,NYY,Williams,Mason,2018,11859,willia001mas,2015,2021,2010,2021,OF,batter,one
569,Yordys Alejo,OAK,Alejo,Yordys,2018,,alejo-000yor,,,2011,2017,RHP,pitcher,one
343,Logan Bawcom,OAK,Bawcom,Logan,2018,,bawcom001log,,,2010,2019,RHP,pitcher,one
99,Chris Jensen,OAK,Jensen,Chris,2018,,jensen004chr,,,2011,2018,RHP,pitcher,one
2,Aaron Kurcz,OAK,Kurcz,Aaron,2018,,kurcz-001aar,,,2010,2019,RHP,pitcher,one
82,Carlos Navas,OAK,Navas,Carlos,2018,,navas-001car,,,2010,2024,RHP,pitcher,one
535,Tyler Sturdevant,OAK,Sturdevant,Tyler,2018,6780,sturde001tyl,2016,2016,2009,2017,RHP,pitcher,one
198,Felix Doubront,OAK,Doubront,Félix,2018,1478,doubro001fel,2010,2015,2005,2024,LHP,pitcher,one
62,Brandon Mann,OAK,Mann,Brandon,2018,5172,mann--001bra,2018,2018,2002,2020,LHP,pitcher,one
437,Patrick Schuster,OAK,Schuster,Patrick,2018,10029,schust001pat,2016,2016,2009,2018,LHP,pitcher,one
375,Matt McBride,OAK,McBride,Matt,2018,9373,mcbrid001mat,2012,2016,2006,2019,C,batter,one
28,Andy Paz,OAK,Paz,Andy,2018,,paz---000and,,,2011,2019,C,batter,one
38,Argenis Raga,OAK,Raga,Argenis,2018,,raga--000arg,,,2011,2019,C,batter,one
94,Chris Carter,OAK,Carter,Chris,2018,9911,carter001ver,2010,2017,2005,2024,1B,batter,one
543,Viosergy Rosa,OAK,Rosa,Viosergy,2018,,rosa--001vio,,,2010,2019,1B,batter,one
267,Jermaine Curtis,OAK,Curtis,Jermaine,2018,7765,curtis001jer,2013,2013,2008,2020,3B,batter,one
325,Kenny Wilson,OAK,Wilson,Kenny,2018,,wilson002ken,,,2008,2019,OF,batter,one
386,Michael Mariot,PHI,Mariot,Michael,2018,10835,mariot001mic,2014,2023,2010,2024,RHP,pitcher,one
122,Colton Murray,PHI,Murray,Colton,2018,12264,murray000col,2015,2016,2011,2018,RHP,pitcher,one
392,Miguel Nunez,PHI,Nunez,Miguel,2018,,nunez-001mig,,,2010,2019,RHP,pitcher,one
268,Jesen Therrien,PHI,Therrien,Jesen,2018,15853,dygest001jes,2017,2017,2012,2024,RHP,pitcher,one
88,Cesar Ramos,PHI,Ramos,Cesár,2018,3357,ramos-001ces,2009,2016,2005,2017,LHP,pitcher,one
435,Pat Venditte,PHI,Venditte,Pat,2018,7108,vendit001pat,2015,2020,2008,2020,LHP,pitcher,one
554,Wilson Garcia,PHI,Garcia,Wilson,2018,,garcia008wil,,,2011,2024,C,batter,one
91,Chace Numata,PHI,Numata,Chace,2018,,numata001cha,,,2010,2019,C,batter,one
422,Nick Rickles,PHI,Rickles,Nick,2018,,rickle000nic,,,2011,2018,C,batter,one
247,Jake Fox,PHI,Fox,Jake,2018,6267,fox---003jac,2007,2011,2003,2016,1B,batter,one
70,Brock Stassi,PHI,Stassi,Brock,2018,12244,stassi001bro,2017,2017,2011,2021,1B,batter,one
34,Angelo Mora,PHI,Mora,Angelo,2018,,mora--000ang,,,2011,2019,2B,batter,one
220,Harold Martinez,PHI,Martinez,Harold,2018,,martin013har,,,2011,2017,3B,batter,one
221,Hector Gomez,PHI,Gomez,Hector,2018,2264,gomez-001hec,2011,2015,2006,2024,SS,batter,zero
110,Christian Marrero,PHI,Marrero,Christian,2018,,marrer001chr,,,2006,2017,OF,batter,one
226,Herlis Rodriguez,PHI,Rodriguez,Herlis,2018,,rodrig002her,,,2011,2024,OF,batter,one
60,Brandon Cumpton,PIT,Cumpton,Brandon,2018,11366,cumpto001bra,2013,2018,2010,2021,RHP,pitcher,one
351,Luis Heredia,PIT,Heredia,Luis,2018,,heredi002lui,,,2011,2021,RHP,pitcher,one
259,Jason Stoffel,PIT,Stoffel,Jason,2018,,stoffe001jas,,,2009,2017,RHP,pitcher,one
545,Wade LeBlanc,PIT,LeBlanc,Wade,2018,5221,leblan001wad,2008,2021,2006,2021,LHP,pitcher,one
481,Sammy Gonzalez,PIT,Gonzalez,Sammy,2018,,gonzal001sam,,,2009,2013,C,batter,zero
516,Tomas Morales,PIT,Morales,Tomas,2018,,morale000tom,,,2011,2021,C,batter,one
241,Jackson Williams,PIT,Williams,Jackson,2018,8524,willia007jac,2014,2015,2007,2018,C,batter,one
173,Edwin Espinal,PIT,Espinal,Edwin,2018,,espina000edw,,,2011,2024,1B,batter,one
81,Carlos Munoz,PIT,Munoz,Carlos,2018,,munoz-000car,,,2011,2024,1B,batter,one
278,Joey Terdoslavich,PIT,Terdoslavich,Joey,2018,10593,terdos001jos,2013,2015,2010,2023,1B,batter,one
320,Kelson Brown,PIT,Brown,Kelson,2018,,brown-002kel,,,2010,2015,SS,batter,one
20,Anderson Feliz,PIT,Feliz,Anderson,2018,,felix-001and,,,2009,2022,SS,batter,one
17,Alfredo Reyes,PIT,Reyes,Alfredo,2018,,reyes-002alf,,,2011,2024,SS,batter,one
137,Danny Ortiz,PIT,Ortiz,Danny,2018,10317,ortiz-003dan,2017,2017,2008,2024,OF,batter,one
290,Jonathan Schwind,PIT,Schwind,Jonathan,2018,,schwin000jon,,,2011,2017,OF,batter,zero
365,Mark Montgomery,STL,Montgomery,Mark,2018,,montgo000mar,,,2011,2018,RHP,pitcher,one
393,Miguel Socolovich,STL,Socolovich,Miguel,2018,6697,socolo001mig,2012,2018,2004,2023,RHP,pitcher,one
302,Josh Zeid,STL,Zeid,Josh,2018,6527,zeid--001jos,2013,2014,2009,2017,RHP,pitcher,one
205,Gabriel Lino,STL,Lino,Gabriel,2018,,lino--001gab,,,2010,2024,C,batter,one
12,Alberto Rosario,STL,Rosario,Alberto,2018,7125,rosari001alb,2016,2017,2006,2020,C,batter,one
35,Anthony Garcia,STL,García,Anthony,2018,,garcia007ant,,,2009,2024,OF,batter,one
419,Nick Martini,STL,Martini,Nick,2018,12005,martin007nic,2018,2024,2011,2024,OF,batter,one
75,C.J. McElroy,STL,McElroy,C. J.,2018,,mcelro000cj-,,,2011,2020,OF,batter,one
106,Christian Bethancourt,SDP,Bethancourt,Christian,2018,10028,betanc001chr,2013,2024,2008,2024,RHP,pitcher,one
564,Yimmi Brasoban,SDP,Brasoban,Yimmi,2018,,brasob000yim,,,2011,2021,RHP,pitcher,one
246,Jake Esch,SDP,Esch,Jake,2018,12756,esch--000jac,2016,2017,2011,2018,RHP,pitcher,one
191,Erik Johnson,SDP,Johnson,Erik,2018,12520,johnso009eri,2013,2016,2011,2018,RHP,pitcher,one
396,Mike Kelly,SDP,Kelly,Mike,2018,,kelly-002mik,,,2011,2011,RHP,pitcher,one
374,Matt Magill,SDP,Magill,Matt,2018,3950,magill001mat,2013,2020,2008,2020,RHP,pitcher,one
21,Andre Rienzo,SDP,Rienzo,André,2018,3507,rienzo001and,2013,2015,2007,2023,RHP,pitcher,one
73,Bryan Rodriguez,SDP,Rodriguez,Bryan,2018,,rodrig001bry,,,2010,2024,RHP,pitcher,one
89,Cesar Vargas,SDP,Vargas,Cesar,2018,14099,vargas001ces,2016,2016,2009,2023,RHP,pitcher,zero
518,Tony Cruz,SDP,Cruz,Tony,2018,2802,cruz--001arn,2011,2018,2007,2018,C,batter,one
86,Casey McElroy,SDP,McElroy,Casey,2018,,mcelro000cas,,,2011,2017,2B,batter,one
424,Noah Perio,SDP,Perio,Noah,2018,,perio-001der,,,2009,2024,2B,batter,one
155,Diego Goris,SDP,Goris,Diego,2018,,goris-001die,,,2008,2023,3B,batter,one
93,Chris Bono,SDP,Bono,Chris,2018,,bono--001chr,,,2016,2018,OF,batter,one
417,Nick Buss,SDP,Buss,Nick,2018,6835,buss--001nic,2013,2016,2008,2018,OF,batter,one
174,Edwin Moreno,SDP,Moreno,Edwin,2018,,moreno002edw,,,2011,2017,OF,batter,one
446,Rafael Ortega,SDP,Ortega,Rafael,2018,10323,ortega002raf,2012,2024,2008,2024,OF,batter,one
77,Carlos Alvarado,SFG,Alvarado,Carlos,2018,,alvara001car,,,2009,2019,RHP,pitcher,one
120,Collin Balester,SFG,Balester,Collin,2018,6883,balest001col,2008,2015,2004,2017,RHP,pitcher,one
538,Vic Black,SFG,Black,Vic,2018,9195,black-001vic,2013,2014,2009,2018,RHP,pitcher,one
568,Yordy Cabrera,SFG,Cabrera,Yordy,2018,,cabrer001yor,,,2010,2022,RHP,pitcher,one
117,Cody Hall,SFG,Hall,Cody,2018,12232,hall--001cod,2015,2016,2011,2018,RHP,pitcher,one
500,Stephen Johnson,SFG,Johnson,Stephen,2018,,johnso011ste,,,2012,2019,RHP,pitcher,one
84,Casey Kelly,SFG,Kelly,Casey,2018,9174,kelly-001cas,2012,2018,2008,2024,RHP,pitcher,one
308,Julio Pena,SFG,Pena,Julio,2018,,pena--002jul,,,2011,2017,RHP,pitcher,one
491,Seth Rosin,SFG,Rosin,Seth,2018,10606,rosin-001set,2014,2015,2010,2017,RHP,pitcher,one
253,Jarret Martin,SFG,Martin,Jarret,2018,,martin003jar,,,2010,2019,LHP,pitcher,one
408,Nate Reed,SFG,Reed,Nate,2018,,reed--001nat,,,2010,2019,LHP,pitcher,one
378,Matt Reynolds,SFG,Reynolds,Matt,2018,8887,reynol001mat,2010,2016,2007,2018,LHP,pitcher,one
332,Kraig Sitton,SFG,Sitton,Kraig,2018,,sitton001kra,,,2010,2018,LHP,pitcher,one
405,Myles Schroder,SFG,Schroder,Myles,2018,,schrod001myl,,,2011,2019,C,batter,one
176,Eliezer Zambrano,SFG,Zambrano,Eliezer,2018,,zambra001eli,,,2006,2017,C,batter,one
128,Cristian Paulino,SFG,Paulino,Cristian,2018,,paulin001cri,,,2010,2017,3B,batter,one
18,Ali Castillo,SFG,Castillo,Ali,2018,,castil001ali,,,2008,2024,SS,batter,one
79,Carlos Garcia,SFG,Garcia,Carlos,2018,,garcia013car,,,2009,2020,SS,batter,one
450,Rando Moreno,SFG,Moreno,Rando,2018,,moreno000ran,,,2011,2019,SS,batter,one
311,Juniel Querecuto,SFG,Querecuto,Juniel,2018,12140,querec001jun,2016,2023,2010,2024,SS,batter,one
557,Wynton Bernard,SFG,Bernard,Wynton,2018,13408,bernar000wyn,2022,2022,2012,2024,OF,batter,one
497,Shawon Dunston Jr.,SFG,Dunston,Shawon,2018,,dunsto002sha,,,2012,2024,OF,batter,one
498,Slade Heathcott,SFG,Heathcott,Slade,2018,10336,heathc001zac,2015,2015,2009,2018,OF,batter,one
476,Ryan Lollis,SFG,Lollis,Ryan,2018,6623,lollis001rya,2015,2015,2009,2017,OF,batter,one
287,Jonathan Aro,SEA,Aro,Jonathan,2018,14699,aro---000jon,2015,2016,2011,2024,RHP,pitcher,one
448,Ralston Cash,SEA,Cash,Ralston,2018,,cash--001ral,,,2010,2018,RHP,pitcher,one
526,Tyler Cloyd,SEA,Cloyd,Tyler,2018,8536,cloyd-001tyl,2012,2018,2008,2019,RHP,pitcher,one
312,Justin De Fratus,SEA,De Fratus,Justin,2018,4955,defrat001jus,2011,2015,2007,2019,RHP,pitcher,one
464,Ronald Dominguez,SEA,Dominguez,Ronald,2018,,doming000ron,,,2011,2017,RHP,pitcher,one
72,Bryan Evans,SEA,Evans,Bryan,2018,,evans-001bry,,,2008,2019,RHP,pitcher,one
479,Ryne Harper,SEA,Harper,Ryne,2018,12680,harper000ryn,2019,2021,2011,2022,RHP,pitcher,one
475,Ryan Kelly,SEA,Kelly,Ryan,2018,4858,kelly-012wil,2015,2015,2007,2019,RHP,pitcher,one
531,Tyler Knigge,SEA,Knigge,Tyler,2018,,knigge001tyl,,,2010,2018,RHP,pitcher,one
85,Casey Lawrence,SEA,Lawrence,Casey,2018,11121,lawren001cas,2017,2023,2010,2024,RHP,pitcher,one
194,Evan Marshall,SEA,Marshall,Evan,2018,12297,marsha000eva,2014,2021,2011,2021,RHP,pitcher,one
69,Brian McAfee,SEA,McAfee,Brian,2018,,mcafee000bri,,,2016,2017,RHP,pitcher,one
384,Micah Owings,SEA,Owings,Micah,2018,4253,owings001mic,2007,2012,2005,2016,RHP,pitcher,one
55,Blake Perry,SEA,Perry,Blake,2018,,perry-001bla,,,2010,2017,RHP,pitcher,one
195,Fabian Roman,SEA,Roman,Fabian,2018,,roman-001fab,,,2013,2022,RHP,pitcher,one
166,Dylan Unsworth,SEA,Unsworth,Dylan,2018,,unswor001dyl,,,2010,2023,RHP,pitcher,one
4,Aaron West,SEA,West,Aaron,2018,,west--000aar,,,2012,2017,RHP,pitcher,one
40,Aronny Cruz,SEA,Cruz,Aronny,2018,,cruz--000aro,,,2014,2017,LHP,pitcher,one
334,Kyle Hunter,SEA,Hunter,Kyle,2018,,hunter001kyl,,,2011,2017,LHP,pitcher,one
150,Dean Kiekhefer,SEA,Kiekhefer,Dean,2018,10529,kiekhe001dea,2016,2018,2010,2019,LHP,pitcher,one
42,Ashur Tolliver,SEA,Tolliver,Ashur,2018,10044,tolliv001ash,2016,2017,2009,2019,LHP,pitcher,one
415,Nevin Ashley,SEA,Ashley,Nevin,2018,3274,ashley001nev,2015,2015,2006,2016,C,batter,one
505,Steven Baron,SEA,Baron,Steven,2018,9787,baron-001ste,2015,2019,2009,2019,C,batter,one
16,Alexander Capriata,SEA,Capriata,Alexander,2018,,capria000ale,,,2011,2017,C,batter,one
363,Marcus Littlewood,SEA,Littlewood,Marcus,2018,,little008mar,,,2011,2018,C,batter,one
533,Tyler Marlette,SEA,Marlette,Tyler,2018,,marlet000tyl,,,2011,2018,C,batter,one
41,Arturo Nieto,SEA,Nieto,Arturo,2018,,nieto-000art,,,2011,2023,C,batter,one
566,Yojhan Quevedo,SEA,Quevedo,Yojhan,2018,,queved000joh,,,2011,2023,C,batter,one
471,Ryan Casteel,SEA,Casteel,Ryan,2018,,castee001rya,,,2010,2024,1B,batter,one
443,Rafael Fernandez,SEA,Fernandez,Rafael,2018,,fernan004raf,,,2011,2016,2B,batter,one
495,Shawn O’Malley,SEA,O’Malley,Shawn,2018,9629,omalle001sha,2014,2016,2006,2019,2B,batter,zero
414,Nelson Ward,SEA,Ward,Nelson,2018,,ward--000nel,,,2014,2019,2B,batter,one
211,Gianfranco Wawoe,SEA,Wawoe,Gianfranco,2018,,wawoe-000gia,,,2011,2021,2B,batter,one
279,Joey Wong,SEA,Wong,Joey,2018,,wong--001joe,,,2009,2019,SS,batter,one
553,Willie Argo,SEA,Argo,Willie,2018,,argo--002wil,,,2012,2017,OF,batter,one
339,Kyle Waldrop,SEA,Waldrop,Kyle,2018,11402,waldro001kyl,2015,2016,2010,2018,OF,batter,one
230,Hunter Adkins,TBR,Adkins,Hunter,2018,,adkins000hun,,,2013,2018,RHP,pitcher,one
261,Jeff Ames,TBR,Ames,Jeff,2018,,ames--001jef,,,2011,2019,RHP,pitcher,one
199,Fernando Baez,TBR,Baez,Fernando,2018,,baez--001fer,,,2010,2023,RHP,pitcher,one
394,Mike Broadway,TBR,Broadway,Mike,2018,9894,broadw001mic,2015,2016,2005,2021,RHP,pitcher,one
244,Jairo Munoz,TBR,Munoz,Jairo,2018,,munoz-000jai,,,2011,2017,RHP,pitcher,one
340,Kyle Winkler,TBR,Winkler,Kyle,2018,,winkle001kyl,,,2012,2018,RHP,pitcher,one
344,Logan Darnell,TBR,Darnell,Logan,2018,11261,darnel001log,2014,2014,2010,2020,LHP,pitcher,one
216,Grayson Garvin,TBR,Garvin,Grayson,2018,,garvin001gra,,,2012,2016,LHP,pitcher,one
390,Michael Roth,TBR,Roth,Michael,2018,13736,roth--002mic,2013,2016,2012,2018,LHP,pitcher,one
291,Jonny Venters,TBR,Venters,Jonny,2018,7175,venter001jon,2010,2019,2004,2019,LHP,pitcher,one
129,Curt Casali,TBR,Casali,Curt,2018,12510,casali000cur,2014,2024,2011,2024,C,batter,one
388,Michael McKenry,TBR,McKenry,Michael,2018,9628,mckenr001mic,2010,2016,2006,2017,C,batter,one
314,Justin O’Conner,TBR,O’Conner,Justin,2018,,oconne001jus,,,2010,2024,C,batter,zero
469,Ryan Brett,TBR,Brett,Ryan,2018,12138,brett-001rya,2015,2015,2010,2020,2B,batter,one
436,Patrick Leonard,TBR,Leonard,Patrick,2018,,leonar000pat,,,2012,2019,3B,batter,one
248,Jake Hager,TBR,Hager,Jake,2018,12198,hager-000jak,2021,2022,2011,2024,SS,batter,one
214,Granden Goetzman,TBR,Goetzman,Granden,2018,,goetzm000gra,,,2011,2021,OF,batter,one
87,Cesar Puello,TBR,Puello,Cesar,2018,7216,puello001ces,2017,2020,2008,2022,OF,batter,zero
45,Austin Bibens-Dirkx,TEX,Bibens-Dirkx,Austin,2018,9559,bibens001aus,2017,2018,2006,2022,RHP,pitcher,one
433,Paolo Espino,TEX,Espino,Paolo,2018,8246,espino001pao,2017,2024,2007,2024,RHP,pitcher,one
457,Richelson Pena,TEX,Peña,Richelson,2018,,pena--003ric,,,2011,2024,RHP,pitcher,one
298,Jose Valdespina,TEX,Valdespina,Jose,2018,,valdes003jos,,,2011,2017,RHP,pitcher,one
322,Kelvin Vasquez,TEX,Vasquez,Kelvin,2018,,vasque000kel,,,2011,2019,RHP,pitcher,one
19,Allen Webster,TEX,Webster,Allen,2018,3993,webste001car,2013,2019,2008,2019,RHP,pitcher,one
140,Dario Alvarez,TEX,Alvarez,Dario,2018,14239,alvare001dar,2014,2017,2007,2022,LHP,pitcher,zero
7,Adam Loewen,TEX,Loewen,Adam,2018,2134,loewen001ada,2006,2016,2003,2018,LHP,pitcher,one
271,Jimmy Reyes,TEX,Reyes,Jimmy,2018,,reyes-001jam,,,2010,2017,LHP,pitcher,one
67,Brett Hayes,TEX,Hayes,Brett,2018,4293,hayes-001bre,2009,2015,2005,2017,C,batter,one
1,A.J. Jimenez,TEX,Jiménez,A. J.,2018,7077,jimene002ant,2017,2017,2008,2019,C,batter,one
503,Steve Lerud,TEX,Lerud,Steve,2018,113,lerud-001ste,2012,2013,2004,2016,C,batter,zero
330,Kevin Torres,TEX,Torres,Kevin,2018,,torres001kev,,,2008,2019,C,batter,one
185,Eric Aguilera,TEX,Aguilera,Eric,2018,,aguile000eri,,,2013,2021,1B,batter,one
160,Doug Bernier,TEX,Bernier,Doug,2018,4518,bernie001dou,2008,2015,2002,2017,SS,batter,one
178,Elio Castillo,TEX,Castillo,Elio,2018,,castil000eli,,,2011,2017,SS,batter,one
354,Luis Marte,TEX,Marté,Luis,2018,14515,marte-005lui,2021,2021,2011,2021,SS,batter,one
356,Luis Mendez,TEX,Mendez,Luis,2018,,mendez006lui,,,2010,2018,SS,batter,one
249,Jared Hoying,TEX,Hoying,Jared,2018,10882,hoying001jar,2016,2021,2010,2021,OF,batter,one
373,Matt Lipka,TEX,Lipka,Matt,2018,,lipka-003mat,,,2010,2022,OF,batter,one
342,Leonel Campos,TOR,Campos,Leonel,2018,12277,campos000leo,2014,2017,2010,2023,RHP,pitcher,one
133,Daniel Canellas,TOR,Canellas,Daniel,2018,,canell000dan,,,2014,2015,RHP,pitcher,zero
10,Adonys Cardona,TOR,Cardona,Adonys,2018,,cardon000ado,,,2011,2018,RHP,pitcher,one
507,Taylor Cole,TOR,Cole,Taylor,2018,11964,cole--001tay,2017,2019,2011,2022,RHP,pitcher,one
54,Blake McFarland,TOR,McFarland,Blake,2018,,mcfarl000bla,,,2011,2017,RHP,pitcher,one
359,Luis Santos,TOR,Santos,Luis,2018,15006,santos005lui,2017,2018,2011,2024,RHP,pitcher,one
56,Bo Schultz,TOR,Schultz,Bo,2018,5028,schult001pat,2014,2016,2008,2018,RHP,pitcher,one
104,Chris Smith,TOR,Smith,Chris,2018,14449,smith-011chr,2017,2017,2010,2020,RHP,pitcher,one
403,Murphy Smith,TOR,Smith,Murphy,2018,9812,smith-001mur,2018,2018,2009,2018,RHP,pitcher,one
283,John Stilson,TOR,Stilson,John,2018,,stilso001joh,,,2012,2017,RHP,pitcher,one
284,John Straka,TOR,Straka,John,2018,,straka000joh,,,2013,2021,RHP,pitcher,one
324,Kender Villegas,TOR,Villegas,Kender,2018,,villeg001ken,,,2010,2022,RHP,pitcher,one
440,Philip Walby,TOR,Walby,Philip,2018,,walby-001phi,,,2013,2019,RHP,pitcher,one
210,George Carroll,TOR,Carroll,George,2018,,carrol002geo,,,2011,2013,C,batter,one
352,Luis Liriano,TOR,Liriano,Luis,2018,,lirian000lui,,,2015,2016,C,batter,one
444,Rafael Lopez,TOR,Lopez,Rafael,2018,12606,lopez-008raf,2014,2018,2011,2019,C,batter,one
295,Jose Mayorga,TOR,Mayorga,Jose,2018,,mayorg001jos,,,2010,2015,C,batter,one
15,Alex Monsalve,TOR,Monsalve,Alex,2018,,monsal001ale,,,2009,2020,C,batter,one
285,Jon Berti,TOR,Berti,Jon,2018,12037,berti-001jon,2018,2024,2011,2024,2B,batter,one
109,Christian Lopes,TOR,Lopes,Christian,2018,13472,lopes-000chr,2022,2022,2012,2022,2B,batter,one
370,Matt Dean,TOR,Dean,Matt,2018,,dean--000mat,,,2012,2019,3B,batter,one
492,Shane Opitz,TOR,Opitz,Shane,2018,,opitz-001sha,,,2010,2019,SS,batter,one
217,Gregorio Petit,TOR,Petit,Gregorio,2018,3812,petit-001gre,2008,2018,2003,2018,SS,batter,one
141,Darrell Ceciliani,TOR,Ceciliani,Darrell,2018,9954,cecili001dar,2015,2017,2009,2018,OF,batter,one
152,Derrick Loveless,TOR,Loveless,Derrick,2018,,lovele000der,,,2011,2018,OF,batter,one
297,Jose Tabata,TOR,Tabata,Jose,2018,2411,tabata001jos,2010,2015,2005,2021,OF,batter,zero
204,Gabriel Arias,WSN,Arias,Gabriel,2018,,arias-001gab,,,2007,2021,RHP,pitcher,one
508,Taylor Hill,WSN,Hill,Taylor,2018,12515,hill--005dav,2014,2015,2011,2019,RHP,pitcher,one
329,Kevin Jepsen,WSN,Jepsen,Kevin,2018,6475,jepsen001kev,2008,2018,2002,2018,RHP,pitcher,one
252,Jaron Long,WSN,Long,Jaron,2018,,long--000jar,,,2013,2018,RHP,pitcher,one
445,Rafael Martin,WSN,Martín,Rafael,2018,10258,martin003raf,2015,2016,2007,2020,RHP,pitcher,one
212,Gilberto Mendez,WSN,Mendez,Gilberto,2018,,mendez000gil,,,2011,2017,RHP,pitcher,one
490,Sean O’Sullivan,WSN,O’Sullivan,Sean,2018,9137,osulli001sea,2009,2016,2006,2018,RHP,pitcher,zero
412,Neil Ramirez,WSN,Ramírez,Neil,2018,7677,ramire001nei,2014,2019,2008,2024,RHP,pitcher,one
25,Andrew Robinson,WSN,Robinson,Andrew,2018,,robins014jam,,,2010,2017,RHP,pitcher,one
118,Cody Satterwhite,WSN,Satterwhite,Cody,2018,,satter001cod,,,2008,2018,RHP,pitcher,one
338,Kyle Schepel,WSN,Schepel,Kyle,2018,,schepe000kyl,,,2012,2018,RHP,pitcher,one
510,Tim Collins,WSN,Collins,Tim,2018,3164,collin004tim,2011,2019,2007,2019,LHP,pitcher,one
409,Neal Cotts,WSN,Cotts,Neal,2018,1797,cotts-001nea,2003,2015,2001,2017,LHP,pitcher,one
64,Braulio Lara,WSN,Lara,Braulio,2018,,lara--001bra,,,2008,2018,LHP,pitcher,one
154,Devin Ivany,WSN,Ivany,Devin,2018,,ivany-001dev,,,2004,2013,C,batter,one
27,Andruth Ramirez,WSN,Ramirez,Andruth,2018,,ramire002and,,,2008,2013,C,batter,one
379,Matt Skole,WSN,Skole,Matt,2018,12119,skole-000mat,2018,2019,2011,2019,1B,batter,one
63,Brandon Snyder,WSN,Snyder,Brandon,2018,9856,snyder002bra,2010,2018,2005,2021,1B,batter,one
411,Neftali Soto,WSN,Soto,Neftali,2018,5663,soto--001nef,2013,2014,2007,2024,1B,batter,one
182,Emmanuel Burriss,WSN,Burriss,Emmanuel,2018,2917,burris001emm,2008,2016,2006,2018,2B,batter,one
124,Corban Joseph,WSN,Joseph,Corban,2018,5503,joseph001cor,2013,2019,2008,2021,2B,batter,one
385,Michael Almanzar,WSN,Almanzar,Michael,2018,,almanz001mic,,,2008,2018,3B,batter,one
364,Mario Lisson,WSN,Lisson,Mario,2018,,lisson001mar,,,2002,2017,3B,batter,one
52,Benji Gonzalez,WSN,González,Benji,2018,,gonzal004ben,,,2008,2019,SS,batter,one
276,Joey Butler,WSN,Butler,Joey,2018,7799,butler001joe,2013,2015,2008,2017,OF,batter,one
92,Chad Huffman,WSN,Huffman,Chad,2018,5311,huffma001cha,2010,2017,2006,2018,OF,batter,one
